dataset,model,method,baseline,n_seeds,delta_brier,delta_brier_lo,delta_brier_hi,beats_baseline,wins,delta_mcb,distinct_ratio_vs_baseline
breast_cancer,gbdt,calibre_centered,sklearn_isotonic,30,0.000452,-0.00032,0.001258,False,17,-0.002265,7.266
breast_cancer,gbdt,calibre_isotonic,sklearn_isotonic,30,0.0,0.0,0.0,False,0,0.0,1.0
breast_cancer,gbdt,calibre_nearly_isotonic,sklearn_isotonic,30,-9.4e-05,-0.000281,3e-06,False,14,-0.000109,1.032
breast_cancer,gbdt,calibre_regularized,sklearn_isotonic,30,0.001054,9.3e-05,0.002098,True,20,-0.002194,19.277
breast_cancer,gbdt,calibre_relaxed_pava,sklearn_isotonic,30,-0.000101,-0.000311,1.9e-05,False,22,-0.003018,13.08
breast_cancer,gbdt,calibre_spline,sklearn_isotonic,30,0.000779,-0.000137,0.001702,False,19,-0.002468,17.005
breast_cancer,gbdt,sklearn_platt,sklearn_isotonic,30,0.002064,0.001139,0.003029,True,23,-0.001201,21.932
breast_cancer,gbdt,sklearn_temperature,sklearn_isotonic,30,0.002199,0.001257,0.003227,True,23,-0.001066,21.973
breast_cancer,gbdt,uncalibrated,sklearn_isotonic,30,0.00086,-0.000361,0.002229,False,16,-0.002405,18.487
breast_cancer,logreg,calibre_centered,sklearn_isotonic,30,0.000461,-0.000245,0.001129,False,20,-0.001574,6.719
breast_cancer,logreg,calibre_isotonic,sklearn_isotonic,30,0.0,0.0,0.0,False,0,0.0,1.0
breast_cancer,logreg,calibre_nearly_isotonic,sklearn_isotonic,30,-0.00017,-0.000478,-5e-06,False,8,3.1e-05,1.03
breast_cancer,logreg,calibre_regularized,sklearn_isotonic,30,0.001465,0.00079,0.002176,True,25,-0.002178,20.676
breast_cancer,logreg,calibre_relaxed_pava,sklearn_isotonic,30,-1.3e-05,-7.6e-05,2.4e-05,False,25,-0.00331,15.873
breast_cancer,logreg,calibre_spline,sklearn_isotonic,30,0.001404,0.000691,0.002107,True,25,-0.002234,19.701
breast_cancer,logreg,sklearn_platt,sklearn_isotonic,30,0.001107,0.000294,0.002079,True,22,-0.002538,20.883
breast_cancer,logreg,sklearn_temperature,sklearn_isotonic,30,0.001257,0.000342,0.002302,True,23,-0.002388,21.376
breast_cancer,logreg,uncalibrated,sklearn_isotonic,30,0.001291,0.000297,0.00246,True,22,-0.002354,25.194
breast_cancer,rf,calibre_centered,sklearn_isotonic,30,0.00119,0.000364,0.002051,True,18,-0.001885,5.148
breast_cancer,rf,calibre_isotonic,sklearn_isotonic,30,0.0,0.0,0.0,False,0,0.0,1.0
breast_cancer,rf,calibre_nearly_isotonic,sklearn_isotonic,30,-1.1e-05,-3.2e-05,-0.0,False,5,-1.1e-05,1.003
breast_cancer,rf,calibre_regularized,sklearn_isotonic,30,0.001177,0.000259,0.002172,True,18,-0.002023,8.132
breast_cancer,rf,calibre_relaxed_pava,sklearn_isotonic,30,2e-05,9e-06,3.5e-05,True,26,-0.003359,7.558
breast_cancer,rf,calibre_spline,sklearn_isotonic,30,0.001233,0.000305,0.002261,True,18,-0.001807,7.845
breast_cancer,rf,sklearn_platt,sklearn_isotonic,30,0.001992,0.000831,0.003175,True,20,-0.001447,8.689
breast_cancer,rf,sklearn_temperature,sklearn_isotonic,30,0.002345,0.001254,0.003575,True,20,-0.001094,8.689
breast_cancer,rf,uncalibrated,sklearn_isotonic,30,0.000933,-0.000397,0.002436,False,12,-0.002506,8.689
heavy_tie,identity,calibre_centered,sklearn_isotonic,30,0.000413,0.000255,0.000567,True,25,-0.001278,4.535
heavy_tie,identity,calibre_isotonic,sklearn_isotonic,30,0.0,0.0,0.0,False,0,0.0,1.0
heavy_tie,identity,calibre_nearly_isotonic,sklearn_isotonic,30,-1.9e-05,-4.9e-05,-0.0,False,0,-2e-05,1.018
heavy_tie,identity,calibre_regularized,sklearn_isotonic,30,0.000763,0.000562,0.00096,True,27,-0.000929,4.553
heavy_tie,identity,calibre_relaxed_pava,sklearn_isotonic,30,-2.4e-05,-8.6e-05,1e-05,False,25,-0.001611,4.552
heavy_tie,identity,calibre_spline,sklearn_isotonic,30,0.000658,0.000457,0.00087,True,27,-0.001037,4.497
heavy_tie,identity,sklearn_platt,sklearn_isotonic,30,-0.002645,-0.003785,-0.001617,False,4,-0.004337,4.553
heavy_tie,identity,sklearn_temperature,sklearn_isotonic,30,-0.002665,-0.003795,-0.001647,False,3,-0.004357,4.553
heavy_tie,identity,uncalibrated,sklearn_isotonic,30,-0.00721,-0.007886,-0.006542,False,0,-0.008902,4.553
nonmonotone,identity,calibre_centered,sklearn_isotonic,30,-0.000526,-0.000824,-0.000231,False,6,-0.002525,41.82
nonmonotone,identity,calibre_isotonic,sklearn_isotonic,30,0.0,0.0,0.0,False,0,0.0,1.0
nonmonotone,identity,calibre_nearly_isotonic,sklearn_isotonic,30,9.9e-05,-0.000199,0.000321,False,16,-0.000214,1.137
nonmonotone,identity,calibre_regularized,sklearn_isotonic,30,0.000438,0.00027,0.000615,True,24,-0.001574,32.009
nonmonotone,identity,calibre_relaxed_pava,sklearn_isotonic,30,2.4e-05,-3.7e-05,0.000117,False,3,-0.002027,38.057
nonmonotone,identity,calibre_spline,sklearn_isotonic,30,0.000406,0.000248,0.000567,True,26,-0.0016,31.121
nonmonotone,identity,sklearn_platt,sklearn_isotonic,30,-0.006367,-0.006824,-0.005877,False,0,-0.008379,43.982
nonmonotone,identity,sklearn_temperature,sklearn_isotonic,30,-0.006421,-0.006888,-0.005925,False,0,-0.008433,43.995
nonmonotone,identity,uncalibrated,sklearn_isotonic,30,-0.029731,-0.030817,-0.02864,False,0,-0.031743,44.0
overconfident,identity,calibre_centered,sklearn_isotonic,30,0.000326,0.000185,0.00046,True,25,-0.001967,31.929
overconfident,identity,calibre_isotonic,sklearn_isotonic,30,0.0,0.0,0.0,False,0,0.0,1.0
overconfident,identity,calibre_nearly_isotonic,sklearn_isotonic,30,-7.7e-05,-0.0002,-0.0,False,4,-0.000111,1.056
overconfident,identity,calibre_regularized,sklearn_isotonic,30,0.000585,0.000377,0.000792,True,24,-0.00172,33.687
overconfident,identity,calibre_relaxed_pava,sklearn_isotonic,30,7e-06,5e-06,9e-06,True,28,-0.002296,28.587
overconfident,identity,calibre_spline,sklearn_isotonic,30,0.000615,0.000436,0.000782,True,28,-0.00169,33.491
overconfident,identity,sklearn_platt,sklearn_isotonic,30,0.000912,0.000662,0.001191,True,26,-0.001394,33.737
overconfident,identity,sklearn_temperature,sklearn_isotonic,30,0.000889,0.000644,0.001162,True,26,-0.001417,33.74
overconfident,identity,uncalibrated,sklearn_isotonic,30,-0.007323,-0.007968,-0.006666,False,0,-0.009629,33.65
prior_shift,identity,calibre_centered,sklearn_isotonic,30,0.000352,0.000215,0.000484,True,24,-0.001941,31.924
prior_shift,identity,calibre_isotonic,sklearn_isotonic,30,0.0,0.0,0.0,False,0,0.0,1.0
prior_shift,identity,calibre_nearly_isotonic,sklearn_isotonic,30,-7.7e-05,-0.0002,0.0,False,5,-0.000111,1.056
prior_shift,identity,calibre_regularized,sklearn_isotonic,30,0.000668,0.000439,0.000914,True,26,-0.001637,33.694
prior_shift,identity,calibre_relaxed_pava,sklearn_isotonic,30,7e-06,5e-06,9e-06,True,28,-0.002296,28.589
prior_shift,identity,calibre_spline,sklearn_isotonic,30,0.000593,0.000403,0.000779,True,25,-0.001712,33.591
prior_shift,identity,sklearn_platt,sklearn_isotonic,30,0.000911,0.000662,0.001191,True,26,-0.001394,33.735
prior_shift,identity,sklearn_temperature,sklearn_isotonic,30,-0.014485,-0.015468,-0.013488,False,0,-0.016791,33.74
prior_shift,identity,uncalibrated,sklearn_isotonic,30,-0.016539,-0.017604,-0.015446,False,0,-0.018845,33.738
rare_event,identity,calibre_centered,sklearn_isotonic,30,9.2e-05,6e-06,0.000185,True,19,-0.000397,54.254
rare_event,identity,calibre_isotonic,sklearn_isotonic,30,0.0,0.0,0.0,False,0,0.0,1.0
rare_event,identity,calibre_nearly_isotonic,sklearn_isotonic,30,-4e-06,-1e-05,0.0,False,9,-4e-06,1.012
rare_event,identity,calibre_regularized,sklearn_isotonic,30,0.000136,-2.9e-05,0.000318,False,16,-0.000404,62.218
rare_event,identity,calibre_relaxed_pava,sklearn_isotonic,30,4e-06,3e-06,5e-06,True,25,-0.000536,56.228
rare_event,identity,calibre_spline,sklearn_isotonic,30,6.8e-05,-0.0001,0.000248,False,15,-0.000472,60.776
rare_event,identity,sklearn_platt,sklearn_isotonic,30,0.000291,0.000121,0.000473,True,21,-0.000261,71.014
rare_event,identity,sklearn_temperature,sklearn_isotonic,30,0.00035,0.000174,0.000539,True,21,-0.000203,71.093
rare_event,identity,uncalibrated,sklearn_isotonic,30,-0.000535,-0.000766,-0.000318,False,5,-0.001087,52.137
small_n,identity,calibre_centered,sklearn_isotonic,30,0.001682,0.000308,0.003027,True,21,-0.00806,6.423
small_n,identity,calibre_isotonic,sklearn_isotonic,30,0.0,0.0,0.0,False,0,0.0,1.0
small_n,identity,calibre_nearly_isotonic,sklearn_isotonic,30,-0.000427,-0.001032,-6e-06,False,6,0.000261,1.019
small_n,identity,calibre_regularized,sklearn_isotonic,30,0.003364,0.001927,0.005014,True,24,-0.006872,7.779
small_n,identity,calibre_relaxed_pava,sklearn_isotonic,30,-5.4e-05,-0.000175,4.3e-05,False,22,-0.009381,7.089
small_n,identity,calibre_spline,sklearn_isotonic,30,0.002637,0.00087,0.00446,True,20,-0.007513,7.432
small_n,identity,sklearn_platt,sklearn_isotonic,30,0.005055,0.003195,0.006799,True,28,-0.005214,8.052
small_n,identity,sklearn_temperature,sklearn_isotonic,30,0.005697,0.00381,0.007421,True,27,-0.004572,8.052
small_n,identity,uncalibrated,sklearn_isotonic,30,-0.001643,-0.003856,0.000361,False,16,-0.011911,8.052
underconfident,identity,calibre_centered,sklearn_isotonic,30,0.000358,0.00022,0.00049,True,25,-0.001935,31.925
underconfident,identity,calibre_isotonic,sklearn_isotonic,30,0.0,0.0,0.0,False,0,0.0,1.0
underconfident,identity,calibre_nearly_isotonic,sklearn_isotonic,30,-7.7e-05,-0.0002,-0.0,False,3,-0.000111,1.056
underconfident,identity,calibre_regularized,sklearn_isotonic,30,0.000705,0.000465,0.000952,True,26,-0.0016,33.654
underconfident,identity,calibre_relaxed_pava,sklearn_isotonic,30,7e-06,5e-06,9e-06,True,28,-0.002296,28.59
underconfident,identity,calibre_spline,sklearn_isotonic,30,0.000602,0.000412,0.000788,True,25,-0.001703,33.565
underconfident,identity,sklearn_platt,sklearn_isotonic,30,0.000911,0.000661,0.001191,True,26,-0.001394,33.738
underconfident,identity,sklearn_temperature,sklearn_isotonic,30,0.000889,0.000644,0.001162,True,26,-0.001417,33.741
underconfident,identity,uncalibrated,sklearn_isotonic,30,-0.00589,-0.006488,-0.005308,False,0,-0.008196,33.738
