dataset,kind,model,seed,method,family,n_fit,n_test,base_rate,n_distinct_input,seconds,brier,log_loss,mcb,dsc,unc,mcb_log,dsc_log,unc_log,plugin_ece,debiased_ece,sweep_ece,sweep_bins,smece,smece_sigma,n_distinct,distinct_ratio,spearman_to_raw,auc,auc_raw,tie_preservation,true_error
breast_cancer,real,logreg,0,calibre_centered,calibre,341,228,0.6271929824561403,200,0.000780666945502162,0.03254480366302346,0.685024879623183,0.005948516433321296,0.2072256579842098,0.23382194521391197,0.5815497537509188,0.5569576130433884,0.6604327389156527,0.07044872126707738,0.05784467730796734,0.03506246797742361,8.0,0.028879827000214513,0.029296875,109.0,0.4780701754385965,0.9710962533246038,0.9832990538872892,0.9965446318387494,0.8372362624623232,nan
breast_cancer,real,logreg,0,calibre_isotonic,calibre,341,228,0.6271929824561403,200,0.0004135000053793192,0.029304830286692573,0.6764489346952236,0.0009372879962616654,0.20545440292348108,0.23382194521391197,0.5647120140204993,0.5486958182409284,0.6604327389156527,0.030612892711938153,0.016575998613828004,0.023655656064692342,6.0,0.01967110386574543,0.0205078125,6.0,0.02631578947368421,0.9478158722953373,0.9826820238584945,0.9965446318387494,0.7025658860808408,nan
breast_cancer,real,logreg,0,calibre_nearly_isotonic,calibre,341,228,0.6271929824561403,200,0.018970833043567836,0.0328090756356815,0.9740757941685028,0.0036024846615436285,0.20461535423977412,0.23382194521391197,0.8443115042623356,0.5306684490094855,0.6604327389156527,0.05752532016280242,0.049928064049390444,0.025589181798124024,3.0,0.047121849905188695,0.0478515625,15.0,0.06578947368421052,0.8379525082088579,0.972233648704237,0.9965446318387494,0.5726099389442769,nan
breast_cancer,real,logreg,0,calibre_relaxed_pava,calibre,341,228,0.6271929824561403,200,0.012016875087283552,0.02924349512893434,0.15614277017978034,0.013892617935951885,0.21847106802092953,0.23382194521391197,0.10767675315864855,0.6119667218945208,0.6604327389156527,0.060665943141100125,0.04435923564140376,0.017289806206302657,15.0,0.028021066849801664,0.0283203125,156.0,0.6842105263157895,0.9955656448452995,0.9965446318387494,0.9965446318387494,0.9512327073189581,nan
breast_cancer,real,logreg,0,calibre_spline,calibre,341,228,0.6271929824561403,200,0.4125279579311609,0.022955688116978946,0.07957396980534383,0.0076048109239964905,0.21847106802092953,0.23382194521391197,0.031107952784212037,0.6119667218945208,0.6604327389156527,0.06184616227927848,0.04596012313044038,0.019690426061007515,18.0,0.020419525659961184,0.0205078125,200.0,0.8771929824561403,1.0,0.9965446318387494,0.9965446318387494,1.0,nan
breast_cancer,real,logreg,0,sklearn_isotonic,sklearn,341,228,0.6271929824561403,200,0.0008857499342411757,0.029304830286692573,0.6764489346952236,0.0009372879962616654,0.20545440292348108,0.23382194521391197,0.5647120140204993,0.5486958182409284,0.6604327389156527,0.030612892711938153,0.016575998613828004,0.023655656064692342,6.0,0.01967110386574543,0.0205078125,6.0,0.02631578947368421,0.9478158722953373,0.9826820238584945,0.9965446318387494,0.7025658860808408,nan
breast_cancer,real,logreg,0,sklearn_platt,sklearn,341,228,0.6271929824561403,200,0.0016597500070929527,0.021103599197371283,0.07006591462646367,0.005752722004388828,0.21847106802092953,0.23382194521391197,0.021599897605331875,0.6119667218945208,0.6604327389156527,0.04161500824112089,0.0043811003639442235,0.015313668901558034,18.0,0.026599463068157567,0.02734375,190.0,0.8333333333333334,1.0,0.9965446318387494,0.9965446318387494,0.9996908570986939,nan
breast_cancer,real,logreg,0,sklearn_temperature,sklearn,341,228,0.6271929824561403,200,0.00041399989277124405,0.02100705637825369,0.06988465755443937,0.005656179185271233,0.21847106802092953,0.23382194521391197,0.02141864053330758,0.6119667218945208,0.6604327389156527,0.040629703345077615,0.0,0.015038767041225703,18.0,0.026290761701151067,0.02734375,192.0,0.8421052631578947,1.0,0.9965446318387494,0.9965446318387494,0.9996908570986939,nan
breast_cancer,real,logreg,0,uncalibrated,none,341,228,0.6271929824561403,200,1.625041477382183e-06,0.02114265521855207,0.0717757050041419,0.005791778025569613,0.21847106802092953,0.23382194521391197,0.023309687983010113,0.6119667218945208,0.6604327389156527,0.03976437277506682,0.0,0.016585895185406,18.0,0.027276151349256247,0.0283203125,200.0,0.8771929824561403,1.0,0.9965446318387494,0.9965446318387494,1.0,nan
breast_cancer,real,logreg,1,calibre_centered,calibre,341,228,0.6271929824561403,204,0.0006467499770224094,0.02594631318616089,0.23724084770875395,0.007214588039962059,0.21509022006771317,0.233821945213912,0.16935191162655922,0.592543802833458,0.6604327389156527,0.058857401230311523,0.043985554358521535,0.021374816796973343,7.0,0.03697834002483103,0.0380859375,68.0,0.2982456140350877,0.9539213862554234,0.9937885643767996,0.9967914438502674,0.7493237499033929,nan
breast_cancer,real,logreg,1,calibre_isotonic,calibre,341,228,0.6271929824561403,204,0.0005671250401064754,0.0312154925902045,0.25217853848149985,0.010303436809727663,0.21290988943343517,0.233821945213912,0.17093960546091924,0.5791938058950721,0.6604327389156527,0.09714397433408133,0.09008628776788186,0.029976331835686584,5.0,0.0423047678477756,0.04296875,5.0,0.021929824561403508,0.9476476125640825,0.9923488276429453,0.9967914438502674,0.6963057423293917,nan
breast_cancer,real,logreg,1,calibre_nearly_isotonic,calibre,341,228,0.6271929824561403,204,0.01991387491580099,0.03338718421900898,0.5336187671267285,0.009598715070429028,0.21003347606533204,0.233821945213912,0.42994197775758985,0.5567559495465141,0.6604327389156527,0.047305726523289904,0.03285982089541698,0.033483915556332434,4.0,0.04052870569390555,0.041015625,5.0,0.021929824561403508,0.8417611736318599,0.9820238584944467,0.9967914438502674,0.5423139346162764,nan
breast_cancer,real,logreg,1,calibre_relaxed_pava,calibre,341,228,0.6271929824561403,204,0.012617334024980664,0.03119371657462553,0.12196956210524917,0.01328435984947933,0.2159125884887658,0.233821945213912,0.06668474142360215,0.6051479182340056,0.6604327389156527,0.09654991393817758,0.08733582234547896,0.034309692896058404,18.0,0.03805647335332215,0.0380859375,151.0,0.6622807017543859,0.9954270708000605,0.9967914438502673,0.9967914438502674,0.9467114923873561,nan
breast_cancer,real,logreg,1,calibre_spline,calibre,341,228,0.6271929824561403,204,0.4663853329839185,0.024877427897641104,0.08944713630149542,0.006968071172494903,0.2159125884887658,0.233821945213912,0.034162315619848393,0.6051479182340056,0.6604327389156527,0.07559877232637754,0.0634100493655937,0.027312754414794548,24.0,0.02514047980540057,0.025390625,195.0,0.8552631578947368,1.0,0.9967914438502674,0.9967914438502674,0.9998454285493469,nan
breast_cancer,real,logreg,1,sklearn_isotonic,sklearn,341,228,0.6271929824561403,204,0.00044450000859797,0.0312154925902045,0.25217853848149985,0.010303436809727663,0.21290988943343517,0.233821945213912,0.17093960546091924,0.5791938058950721,0.6604327389156527,0.09714397433408133,0.09008628776788186,0.029976331835686584,5.0,0.0423047678477756,0.04296875,5.0,0.021929824561403508,0.9476476125640825,0.9923488276429453,0.9967914438502674,0.6963057423293917,nan
breast_cancer,real,logreg,1,sklearn_platt,sklearn,341,228,0.6271929824561403,204,0.0008396659977734089,0.02410011139961399,0.08467320709500724,0.00619075467446779,0.2159125884887658,0.233821945213912,0.02938838641336021,0.6051479182340056,0.6604327389156527,0.07203790634536719,0.05911953935811288,0.0232965356642399,24.0,0.03223800644022528,0.033203125,159.0,0.6973684210526315,1.0,0.9967914438502674,0.9967914438502674,0.9986474998067857,nan
breast_cancer,real,logreg,1,sklearn_temperature,sklearn,341,228,0.6271929824561403,204,0.000232374994084239,0.025528896443205135,0.08974434703607449,0.007619539718058933,0.2159125884887658,0.233821945213912,0.034459526354427464,0.6051479182340056,0.6604327389156527,0.08374834942107089,0.07293453238381217,0.025378617444547606,24.0,0.03585522759105183,0.0361328125,167.0,0.7324561403508771,1.0,0.9967914438502674,0.9967914438502674,0.9994589999227143,nan
breast_cancer,real,logreg,1,uncalibrated,none,341,228,0.6271929824561403,204,1.500011421740055e-06,0.024836370352454507,0.08273308670570513,0.006927013627308305,0.2159125884887658,0.233821945213912,0.0274482660240581,0.6051479182340056,0.6604327389156527,0.07646819906123951,0.06444412658234196,0.025332467028959995,24.0,0.028745331181687338,0.029296875,204.0,0.8947368421052632,1.0,0.9967914438502674,0.9967914438502674,1.0,nan
breast_cancer,real,logreg,2,calibre_centered,calibre,341,228,0.6271929824561403,193,0.00031645793933421373,0.025288888065740037,0.6638952923134215,0.004066324080018158,0.2125993812281901,0.23382194521391197,0.5618889277354435,0.5584263743376747,0.6604327389156527,0.02457688818764801,0.0,0.02306896654675444,3.0,0.0407027554216036,0.041015625,19.0,0.08333333333333333,0.877388670697132,0.978938708350473,0.9896338955162485,0.5514336502048072,nan
breast_cancer,real,logreg,2,calibre_isotonic,calibre,341,228,0.6271929824561403,193,0.000836833962239325,0.026905984950528185,0.6639435478815728,0.0021886227046670446,0.20910458296805084,0.23382194521391197,0.5520247854730501,0.54851397650713,0.6604327389156527,0.020642568647164558,0.0,0.020312924060168644,3.0,0.032042922645752245,0.0322265625,7.0,0.03070175438596491,0.8773621290762065,0.9788153023447141,0.9896338955162485,0.5500038642862664,nan
breast_cancer,real,logreg,2,calibre_nearly_isotonic,calibre,341,228,0.6271929824561403,193,0.014065624913200736,0.02790904886284085,0.6656935314754766,0.0033985282154180216,0.20931142456648916,0.23382194521391197,0.5551096743835978,0.5498488818237739,0.6604327389156527,0.02948884327529729,0.0,0.0259658773860211,3.0,0.042421815849411536,0.04296875,9.0,0.039473684210526314,0.8743336134068881,0.9784450843274373,0.9896338955162485,0.545598577942654,nan
breast_cancer,real,logreg,2,calibre_relaxed_pava,calibre,341,228,0.6271929824561403,193,0.011449750047177076,0.026855906014405188,0.27240893432331775,0.008344910784394675,0.21531094998390146,0.23382194521391197,0.20001514041040985,0.5880389450027448,0.6604327389156527,0.042076256049182886,0.006469735881331839,0.018998045119452404,4.0,0.033935182726287885,0.0341796875,114.0,0.5,0.9792930823402229,0.9879062114356232,0.9896338955162485,0.8632815518973646,nan
breast_cancer,real,logreg,2,calibre_spline,calibre,341,228,0.6271929824561403,193,0.5062004589708522,0.022677013522556494,0.21933278977290788,0.004166018292545981,0.21531094998390146,0.23382194521391197,0.14693899585999998,0.5880389450027448,0.6604327389156527,0.027098185626552036,0.0,0.011734453234810274,8.0,0.030158484006649496,0.03125,47.0,0.20614035087719298,0.915136438317907,0.9898395721925134,0.9896338955162485,0.6470360924337275,nan
breast_cancer,real,logreg,2,sklearn_isotonic,sklearn,341,228,0.6271929824561403,193,0.0005101660499349236,0.026905984950528185,0.6639435478815728,0.0021886227046670446,0.20910458296805084,0.23382194521391197,0.5520247854730501,0.54851397650713,0.6604327389156527,0.020642568647164558,0.0,0.020312924060168644,3.0,0.032042922645752245,0.0322265625,7.0,0.03070175438596491,0.8773621290762065,0.9788153023447141,0.9896338955162485,0.5500038642862664,nan
breast_cancer,real,logreg,2,sklearn_platt,sklearn,341,228,0.6271929824561403,193,0.0008449170272797346,0.02298654796606761,0.1097865058536288,0.0045066360651030805,0.21534203331294743,0.23382194521391197,0.040174282088482005,0.5908205151505059,0.6604327389156527,0.04409301601136783,0.0,0.01778446247896203,5.0,0.03202608516754235,0.0322265625,161.0,0.706140350877193,1.0,0.9896338955162485,0.9896338955162485,0.9980678568668367,nan
breast_cancer,real,logreg,2,sklearn_temperature,sklearn,341,228,0.6271929824561403,193,0.00023270898964256048,0.022832577913195585,0.10947588642295203,0.0043526660122310545,0.21534203331294743,0.23382194521391197,0.039863662657805235,0.5908205151505059,0.6604327389156527,0.0417326160391403,0.0,0.016834929287431983,5.0,0.03161377243202936,0.0322265625,161.0,0.706140350877193,1.0,0.9896338955162485,0.9896338955162485,0.9984542854934694,nan
breast_cancer,real,logreg,2,uncalibrated,none,341,228,0.6271929824561403,193,1.750071533024311e-06,0.022991317144425375,0.09948256432190117,0.004511405243460845,0.21534203331294743,0.23382194521391197,0.029870340556754374,0.5908205151505059,0.6604327389156527,0.03800516575899222,0.0,0.012875394934992242,5.0,0.028284940790008643,0.029296875,193.0,0.8464912280701754,1.0,0.9896338955162485,0.9896338955162485,1.0,nan
breast_cancer,real,rf,0,calibre_centered,calibre,341,228,0.6271929824561403,80,0.0005760419880971313,0.03784840070592771,0.26345872845556434,0.0073214714947879775,0.20329501600277225,0.23382194521391197,0.15776314683523132,0.5547371572953197,0.6604327389156527,0.08420794990522751,0.0433754993550537,0.02482951610270394,4.0,0.04196899587833619,0.0419921875,50.0,0.21929824561403508,0.9550819917606487,0.9844508432743726,0.9826408885232415,0.8061674008810573,nan
breast_cancer,real,rf,0,calibre_isotonic,calibre,341,228,0.6271929824561403,80,0.0008907909505069256,0.03782058439648685,0.25992110699484877,0.006265467972949371,0.2022668287903745,0.23382194521391197,0.1483664264337869,0.5488780583545908,0.6604327389156527,0.05774667230036212,0.0,0.02301512710347296,6.0,0.03242665896837395,0.033203125,8.0,0.03508771929824561,0.9529535897781761,0.9843274372686137,0.9826408885232415,0.7801607543086791,nan
breast_cancer,real,rf,0,calibre_nearly_isotonic,calibre,341,228,0.6271929824561403,80,0.023638332961127162,0.03782058439648685,0.2599211069948487,0.006265467972949371,0.2022668287903745,0.23382194521391197,0.14836642643378684,0.5488780583545908,0.6604327389156527,0.057746672300362116,0.0,0.023015127103473032,6.0,0.032426658968373996,0.033203125,8.0,0.03508771929824561,0.9529535897781761,0.9843274372686137,0.9826408885232415,0.7801607543086791,nan
breast_cancer,real,rf,0,calibre_relaxed_pava,calibre,341,228,0.6271929824561403,80,0.009622082929126918,0.03781459636555902,0.26002963705273907,0.0072876671544192875,0.20329501600277225,0.23382194521391197,0.15433405543240605,0.5547371572953197,0.6604327389156527,0.06250310123054656,0.03809654701071777,0.025337469890049355,5.0,0.029852970511638665,0.0302734375,74.0,0.32456140350877194,0.9917308986232543,0.9831345125462773,0.9826408885232415,0.9518123502589072,nan
breast_cancer,real,rf,0,calibre_spline,calibre,341,228,0.6271929824561403,80,0.4517892920412123,0.039771553795971575,0.14575075820636305,0.009244624584831843,0.20329501600277225,0.23382194521391197,0.04005517658603003,0.5547371572953197,0.6604327389156527,0.08163298979163248,0.06487414163612996,0.021307300952728012,3.0,0.03511202891104709,0.03515625,80.0,0.3508771929824561,1.0,0.9826408885232415,0.9826408885232415,1.0,nan
breast_cancer,real,rf,0,sklearn_isotonic,sklearn,341,228,0.6271929824561403,80,0.00047266704495996237,0.03782058439648685,0.25992110699484877,0.006265467972949371,0.2022668287903745,0.23382194521391197,0.1483664264337869,0.5488780583545908,0.6604327389156527,0.05774667230036212,0.0,0.02301512710347296,6.0,0.03242665896837395,0.033203125,8.0,0.03508771929824561,0.9529535897781761,0.9843274372686137,0.9826408885232415,0.7801607543086791,nan
breast_cancer,real,rf,0,sklearn_platt,sklearn,341,228,0.6271929824561403,80,0.001884375000372529,0.037731848274788565,0.26371592848525216,0.007204919063648833,0.20329501600277225,0.23382194521391197,0.15802034686491914,0.5547371572953197,0.6604327389156527,0.07013924079770437,0.04964093402004274,0.02261724109710446,3.0,0.037936187984464256,0.0390625,80.0,0.3508771929824561,1.0,0.9826408885232415,0.9826408885232415,1.0,nan
breast_cancer,real,rf,0,sklearn_temperature,sklearn,341,228,0.6271929824561403,80,0.0001899590715765953,0.03736189084998778,0.26296332668181926,0.006834961638848051,0.20329501600277225,0.23382194521391197,0.15726774506148625,0.5547371572953197,0.6604327389156527,0.06763794713316461,0.046039126002701776,0.021322891672105822,3.0,0.037236425659241096,0.0380859375,80.0,0.3508771929824561,1.0,0.9826408885232415,0.9826408885232415,1.0,nan
breast_cancer,real,rf,0,uncalibrated,none,341,228,0.6271929824561403,80,2.666027285158634e-06,0.038025146198830406,0.27177194242178293,0.007498216987690674,0.20329501600277225,0.23382194521391197,0.1660763608014499,0.5547371572953197,0.6604327389156527,0.06728750659644674,0.04552271712750397,0.036403508771929875,3.0,0.043935658712316056,0.044921875,80.0,0.3508771929824561,1.0,0.9826408885232415,0.9826408885232415,1.0,nan
breast_cancer,real,rf,1,calibre_centered,calibre,341,228,0.6271929824561403,79,0.00027487496845424175,0.030204642453013682,0.23670573788929922,0.0049069075406911085,0.20852421030158944,0.233821945213912,0.14813352240780564,0.5718605234341592,0.6604327389156527,0.05672473407882894,0.017307206893705348,0.008251151436555382,4.0,0.02902391274181337,0.0302734375,41.0,0.17982456140350878,0.9316927230671195,0.9881530234471412,0.9909913615795969,0.7298091042584435,nan
breast_cancer,real,rf,1,calibre_isotonic,calibre,341,228,0.6271929824561403,79,0.0004900420317426324,0.029845041938770578,0.23778381410894622,0.0033087939112944782,0.2072856971864359,0.233821945213912,0.14209225584396745,0.5647411806506739,0.6604327389156527,0.056393931361999695,0.022594150386761915,0.009122237411711155,4.0,0.028594724019438484,0.029296875,11.0,0.04824561403508772,0.9309651455624307,0.9873303167420815,0.9909913615795969,0.7173274596182085,nan
breast_cancer,real,rf,1,calibre_nearly_isotonic,calibre,341,228,0.6271929824561403,79,0.03970341698732227,0.03109887095575747,0.2406416761023427,0.004562622928281371,0.2072856971864359,0.233821945213912,0.14495011783736392,0.5647411806506739,0.6604327389156527,0.01596743244088135,0.0,0.008087453482190286,4.0,0.037955343527836305,0.0390625,12.0,0.05263157894736842,0.9308113500240265,0.9875359934183464,0.9909913615795969,0.717675245382178,nan
breast_cancer,real,rf,1,calibre_relaxed_pava,calibre,341,228,0.6271929824561403,79,0.008719249977730215,0.029829693379333232,0.11593688626055547,0.004604398064179123,0.2085966498987579,0.233821945213912,0.032360123121323636,0.5768559757764209,0.6604327389156527,0.030599504331072027,0.0,0.00674609101478445,6.0,0.0271927293545851,0.0283203125,72.0,0.3157894736842105,0.9855889347586034,0.9909913615795969,0.9909913615795969,0.9232166318880902,nan
breast_cancer,real,rf,1,calibre_spline,calibre,341,228,0.6271929824561403,79,0.45281704200897366,0.030905580295242988,0.10627588942396721,0.005680284980088879,0.2085966498987579,0.233821945213912,0.022699126284735374,0.5768559757764209,0.6604327389156527,0.02805024455068111,0.0,0.005759428875075441,6.0,0.03283233202182019,0.033203125,65.0,0.2850877192982456,0.9863569509615523,0.9909913615795969,0.9909913615795969,0.9169178452739779,nan
breast_cancer,real,rf,1,sklearn_isotonic,sklearn,341,228,0.6271929824561403,79,0.0004663340514525771,0.029845041938770578,0.23778381410894622,0.0033087939112944782,0.2072856971864359,0.233821945213912,0.14209225584396745,0.5647411806506739,0.6604327389156527,0.056393931361999695,0.022594150386761915,0.009122237411711155,4.0,0.028594724019438484,0.029296875,11.0,0.04824561403508772,0.9309651455624307,0.9873303167420815,0.9909913615795969,0.7173274596182085,nan
breast_cancer,real,rf,1,sklearn_platt,sklearn,341,228,0.6271929824561403,79,0.0016478750621899962,0.03070310292649833,0.11016982012567794,0.005477807611344216,0.2085966498987579,0.233821945213912,0.02659305698644611,0.5768559757764209,0.6604327389156527,0.02580981308143908,0.0,0.00800072777313158,7.0,0.0330888803105244,0.033203125,79.0,0.34649122807017546,1.0,0.9909913615795969,0.9909913615795969,1.0,nan
breast_cancer,real,rf,1,sklearn_temperature,sklearn,341,228,0.6271929824561403,79,0.00020899996161460876,0.030616678517058994,0.11067954184115997,0.005391383201904885,0.2085966498987579,0.233821945213912,0.027102778701928135,0.5768559757764209,0.6604327389156527,0.03145415917645503,0.0,0.009951499940893737,7.0,0.03357190595123248,0.0341796875,79.0,0.34649122807017546,1.0,0.9909913615795969,0.9909913615795969,1.0,nan
breast_cancer,real,rf,1,uncalibrated,none,341,228,0.6271929824561403,79,1.6659032553434372e-06,0.03147743664717349,0.11427148319689956,0.0062521413320193835,0.2085966498987579,0.233821945213912,0.030694720057667726,0.5768559757764209,0.6604327389156527,0.043908035276708474,0.0,0.026359649122807034,7.0,0.03367600685153732,0.03515625,79.0,0.34649122807017546,1.0,0.9909913615795969,0.9909913615795969,1.0,nan
breast_cancer,real,rf,2,calibre_centered,calibre,341,228,0.6271929824561403,86,0.00026108301244676113,0.02563531677140486,0.09886716798714713,0.0068127975102891085,0.21499942595279622,0.23382194521391197,0.03180901369571648,0.593374584624222,0.6604327389156527,0.04938999026238215,0.0,0.01803677293622812,7.0,0.028242108751236984,0.0283203125,59.0,0.25877192982456143,0.984969306901366,0.9937474290415467,0.9937474290415467,0.913014916144988,nan
breast_cancer,real,rf,2,calibre_isotonic,calibre,341,228,0.6271929824561403,86,0.00039308296982198954,0.026536322166022617,0.09791972363151798,0.001934590030334627,0.20922021307822397,0.23382194521391197,0.007273766170354731,0.5697867814544895,0.6604327389156527,0.04323502659065841,0.012458338023136234,0.0142299401360868,6.0,0.019098756089043968,0.01953125,7.0,0.03070175438596491,0.974396507488777,0.9898395721925134,0.9937474290415467,0.8310534044362006,nan
breast_cancer,real,rf,2,calibre_nearly_isotonic,calibre,341,228,0.6271929824561403,86,0.04005704098381102,0.026868446853437356,0.10121476676126542,0.0032623770813058756,0.2102158754417805,0.23382194521391197,0.01559705070871252,0.5748150228630998,0.6604327389156527,0.029166185011536786,0.0,0.01904901754884278,7.0,0.025357603402164995,0.0263671875,14.0,0.06140350877192982,0.9731128427881902,0.9893048128342246,0.9937474290415467,0.8358451194064456,nan
breast_cancer,real,rf,2,calibre_relaxed_pava,calibre,341,228,0.6271929824561403,86,0.012624874943867326,0.026521585107220646,0.09760773769498522,0.007699065846104896,0.21499942595279622,0.23382194521391197,0.03054958340355457,0.593374584624222,0.6604327389156527,0.05269379911998426,0.027597859905584974,0.019585017860569494,8.0,0.018237234942775536,0.0185546875,82.0,0.35964912280701755,0.9981357788514954,0.9937474290415467,0.9937474290415467,0.9823788546255506,nan
breast_cancer,real,rf,2,calibre_spline,calibre,341,228,0.6271929824561403,86,0.401428124983795,0.027285747000355375,0.10149650935028531,0.008463227739239625,0.21499942595279622,0.23382194521391197,0.03443835505885466,0.593374584624222,0.6604327389156527,0.059057236892167436,0.03837658967402683,0.023525119992919265,8.0,0.02135710591461908,0.0224609375,86.0,0.37719298245614036,1.0,0.9937474290415467,0.9937474290415467,1.0,nan
breast_cancer,real,rf,2,sklearn_isotonic,sklearn,341,228,0.6271929824561403,86,0.0008462080731987953,0.026536322166022617,0.09791972363151798,0.001934590030334627,0.20922021307822397,0.23382194521391197,0.007273766170354731,0.5697867814544895,0.6604327389156527,0.04323502659065841,0.012458338023136234,0.0142299401360868,6.0,0.019098756089043968,0.01953125,7.0,0.03070175438596491,0.974396507488777,0.9898395721925134,0.9937474290415467,0.8310534044362006,nan
breast_cancer,real,rf,2,sklearn_platt,sklearn,341,228,0.6271929824561403,86,0.003227249952033162,0.027057233636362116,0.09906647214883668,0.008234714375246366,0.21499942595279622,0.23382194521391197,0.03200831785740603,0.593374584624222,0.6604327389156527,0.045157681957810475,0.0049215490928977215,0.017180144665242644,8.0,0.02990537493159335,0.0302734375,86.0,0.37719298245614036,1.0,0.9937474290415467,0.9937474290415467,1.0,nan
breast_cancer,real,rf,2,sklearn_temperature,sklearn,341,228,0.6271929824561403,86,0.00019975006580352783,0.027142870375915715,0.09927767493998096,0.008320351114799968,0.21499942595279622,0.23382194521391197,0.03221952064855031,0.593374584624222,0.6604327389156527,0.045809015805248376,0.00913626481208465,0.017483323852778183,8.0,0.030003172475212187,0.0302734375,86.0,0.37719298245614036,1.0,0.9937474290415467,0.9937474290415467,1.0,nan
breast_cancer,real,rf,2,uncalibrated,none,341,228,0.6271929824561403,86,2.249958924949169e-06,0.02922846003898636,0.11044063438718928,0.01040594077787061,0.21499942595279622,0.23382194521391197,0.043382480095758624,0.593374584624222,0.6604327389156527,0.05923045844499363,0.03864262689408108,0.028245614035087727,8.0,0.04425586401218397,0.044921875,86.0,0.37719298245614036,1.0,0.9937474290415467,0.9937474290415467,1.0,nan
heavy_tie,synthetic,identity,0,calibre_centered,calibre,2400,1600,0.490625,101,0.0007802919717505574,0.15065215748707284,0.46182740048102644,0.003185467650181406,0.10244541953810854,0.24991210937499997,0.010749733880217383,0.24189372240800489,0.6929713890088139,0.037297294640721325,0.0,0.02649895589224694,12.0,0.026378448772609482,0.02734375,101.0,0.063125,1.0,0.863319917158376,0.863319917158376,1.0,0.014409833768144132
heavy_tie,synthetic,identity,0,calibre_isotonic,calibre,2400,1600,0.490625,101,0.0009013749659061432,0.15103675695540414,0.4624079026309914,0.002107200006129878,0.10098255242572571,0.24991210937499997,0.008152956701006353,0.2387164430788289,0.6929713890088139,0.035706328310573604,0.0,0.019664178816826763,11.0,0.024393365347322987,0.0244140625,23.0,0.014375,0.9987577794221989,0.8624946270173107,0.863319917158376,0.9685842714196373,0.02003520196679517
heavy_tie,synthetic,identity,0,calibre_nearly_isotonic,calibre,2400,1600,0.490625,101,0.07110066700261086,0.15103675695540414,0.4624079026309914,0.002107200006129878,0.10098255242572571,0.24991210937499997,0.008152956701006353,0.2387164430788289,0.6929713890088139,0.035706328310573604,0.0,0.019664178816826753,11.0,0.024393365347322993,0.0244140625,23.0,0.014375,0.9987577794221989,0.8624946270173107,0.863319917158376,0.9685842714196373,0.02003520196679517
heavy_tie,synthetic,identity,0,calibre_relaxed_pava,calibre,2400,1600,0.490625,101,0.014399625011719763,0.15102851556005567,0.46239136144967463,0.0035618257231642414,0.10244541953810854,0.24991210937499997,0.011313694848865574,0.24189372240800489,0.6929713890088139,0.036343899591205764,0.0,0.023438285530338374,12.0,0.024048596477170968,0.025390625,101.0,0.063125,1.0,0.863319917158376,0.863319917158376,1.0,0.019961879420865344
heavy_tie,synthetic,identity,0,calibre_spline,calibre,2400,1600,0.490625,101,0.8890857920050621,0.15053405900022562,0.46097136786781817,0.0030673691633341937,0.10244541953810854,0.24991210937499997,0.009893701267009114,0.24189372240800489,0.6929713890088139,0.03819398013248537,0.005486366073054908,0.022963081986320487,12.0,0.028060879828358393,0.0283203125,101.0,0.063125,1.0,0.863319917158376,0.863319917158376,1.0,0.01280642959410705
heavy_tie,synthetic,identity,0,sklearn_isotonic,sklearn,2400,1600,0.490625,101,0.0006697499193251133,0.15103675695540414,0.4624079026309914,0.002107200006129878,0.10098255242572571,0.24991210937499997,0.008152956701006353,0.2387164430788289,0.6929713890088139,0.035706328310573604,0.0,0.019664178816826763,11.0,0.024393365347322987,0.0244140625,23.0,0.014375,0.9987577794221989,0.8624946270173107,0.863319917158376,0.9685842714196373,0.02003520196679517
heavy_tie,synthetic,identity,0,sklearn_platt,sklearn,2400,1600,0.490625,101,0.002334499964490533,0.1528879059290937,0.5143283053466677,0.00542121609220228,0.10244541953810854,0.24991210937499997,0.06325063874585868,0.24189372240800489,0.6929713890088139,0.06142762709443904,0.04842182839154612,0.04039935785751832,12.0,0.043266837711575606,0.0439453125,101.0,0.063125,1.0,0.863319917158376,0.863319917158376,1.0,0.04554654117701082
heavy_tie,synthetic,identity,0,sklearn_temperature,sklearn,2400,1600,0.490625,101,0.000713084009476006,0.1527123661230546,0.513746437660788,0.005245676286163181,0.10244541953810854,0.24991210937499997,0.06266877105997892,0.24189372240800489,0.6929713890088139,0.059975417064454584,0.0465657679672756,0.03932017790286288,12.0,0.0450388153183672,0.0458984375,101.0,0.063125,1.0,0.863319917158376,0.863319917158376,1.0,0.04507534554033646
heavy_tie,synthetic,identity,0,uncalibrated,none,2400,1600,0.490625,101,2.00001522898674e-06,0.158942625,0.6445021934316637,0.011475935163108575,0.10244541953810854,0.24991210937499997,0.19342452683085465,0.24189372240800489,0.6929713890088139,0.09767237897902858,0.09006227684080537,0.08813749999999991,12.0,0.08842433226975631,0.0888671875,101.0,0.063125,1.0,0.863319917158376,0.863319917158376,1.0,0.08220093420945314
heavy_tie,synthetic,identity,1,calibre_centered,calibre,2400,1600,0.49625,101,0.0007711660582572222,0.15738051869667602,0.4793420668904232,0.0027925003707002516,0.09539791917402421,0.24998593749999998,0.01253772850451651,0.22631471691036104,0.6931190552962677,0.03138041404917353,0.0,0.03306520223355357,13.0,0.02555598836638228,0.0263671875,101.0,0.063125,1.0,0.8520596471051496,0.8520596471051496,1.0,0.02086324150415059
heavy_tie,synthetic,identity,1,calibre_isotonic,calibre,2400,1600,0.49625,101,0.0007977919885888696,0.15789245384454637,0.4808404372856668,0.0018794495731340732,0.09397293322858769,0.24998593749999998,0.01043739028250018,0.22271600829310112,0.6931190552962677,0.035384951956849355,0.0,0.029395397748046805,13.0,0.026234978095462783,0.02734375,23.0,0.014375,0.9986601535667199,0.8510611534398811,0.8520596471051496,0.9681527517198248,0.027909927474549373
heavy_tie,synthetic,identity,1,calibre_nearly_isotonic,calibre,2400,1600,0.49625,101,0.07593229098711163,0.15789245384454637,0.4808404372856667,0.0018794495731340732,0.09397293322858769,0.24998593749999998,0.010437390282500125,0.22271600829310112,0.6931190552962677,0.035384951956849355,0.0,0.029395397748046795,13.0,0.026234978095462783,0.02734375,23.0,0.014375,0.9986601535667199,0.8510611534398811,0.8520596471051496,0.9681527517198248,0.02790992747454938
heavy_tie,synthetic,identity,1,calibre_relaxed_pava,calibre,2400,1600,0.49625,101,0.013825624948367476,0.1579760347688496,0.4810349870529119,0.002436123101311749,0.09444602583246212,0.24998593749999998,0.011690574887937288,0.22377464313129308,0.6931190552962677,0.03496042417685028,0.0,0.03682349236684906,11.0,0.026158297426833302,0.0263671875,101.0,0.063125,0.9946499335703396,0.8500095317861629,0.8520596471051496,1.0,0.0287274352234559
heavy_tie,synthetic,identity,1,calibre_spline,calibre,2400,1600,0.49625,101,0.8745682908920571,0.15698621746343128,0.47708726659985723,0.002398199137455509,0.09539791917402421,0.24998593749999998,0.010282928213950548,0.22631471691036104,0.6931190552962677,0.02703013365135246,0.0,0.028412534589753374,13.0,0.02314328159497806,0.0234375,101.0,0.063125,1.0,0.8520596471051496,0.8520596471051496,1.0,0.015344449276498084
heavy_tie,synthetic,identity,1,sklearn_isotonic,sklearn,2400,1600,0.49625,101,0.0010822920594364405,0.15789245384454637,0.4808404372856668,0.0018794495731340732,0.09397293322858769,0.24998593749999998,0.01043739028250018,0.22271600829310112,0.6931190552962677,0.035384951956849355,0.0,0.029395397748046805,13.0,0.026234978095462783,0.02734375,23.0,0.014375,0.9986601535667199,0.8510611534398811,0.8520596471051496,0.9681527517198248,0.027909927474549373
heavy_tie,synthetic,identity,1,sklearn_platt,sklearn,2400,1600,0.49625,101,0.0028921669581905007,0.1574603231541131,0.49395799695440873,0.0028723048281373564,0.09539791917402421,0.24998593749999998,0.027153658568502048,0.22631471691036104,0.6931190552962677,0.03711621871188011,0.0,0.03218382753706373,13.0,0.029479806840517712,0.0302734375,101.0,0.063125,1.0,0.8520596471051496,0.8520596471051496,1.0,0.042488368026677874
heavy_tie,synthetic,identity,1,sklearn_temperature,sklearn,2400,1600,0.49625,101,0.0013315000105649233,0.15745902515763344,0.4939569515413996,0.0028710068316576687,0.09539791917402421,0.24998593749999998,0.027152613155492944,0.22631471691036104,0.6931190552962677,0.03709823965984921,0.0,0.032131523536498986,13.0,0.029447595135960007,0.0302734375,101.0,0.063125,1.0,0.8520596471051496,0.8520596471051496,1.0,0.04248153640888607
heavy_tie,synthetic,identity,1,uncalibrated,none,2400,1600,0.49625,101,1.500011421740055e-06,0.16767525,0.598569165819358,0.01308723167402423,0.09539791917402421,0.24998593749999998,0.13176482743345136,0.22631471691036104,0.6931190552962677,0.10517238520238932,0.09802605050853137,0.09457499999999984,13.0,0.09707909226204826,0.09765625,101.0,0.063125,1.0,0.8520596471051496,0.8520596471051496,1.0,0.08048658814370802
heavy_tie,synthetic,identity,2,calibre_centered,calibre,2400,1600,0.49375,101,0.000775249907746911,0.1578235887738615,0.48369850626870753,0.0038516089487135863,0.0959889576748521,0.2499609375,0.012596398507490225,0.2219669457640956,0.6930690535253129,0.051788646963632425,0.03506435182255907,0.03416884640659344,12.0,0.03135361433275297,0.0322265625,101.0,0.063125,1.0,0.8521003281762776,0.8521003281762776,1.0,0.02448058585722348
heavy_tie,synthetic,identity,2,calibre_isotonic,calibre,2400,1600,0.49375,101,0.0010702910367399454,0.15749748572192954,0.4825702510301532,0.0020999805059572496,0.09456343228402772,0.2499609375,0.0084369430632944,0.21893574555845408,0.6930690535253129,0.04406489492017086,0.026491622923985346,0.032744986499133696,9.0,0.02936251547995797,0.0302734375,22.0,0.01375,0.9986824097732703,0.8517987185497734,0.8521003281762776,0.9667698561601,0.028865794629222598
heavy_tie,synthetic,identity,2,calibre_nearly_isotonic,calibre,2400,1600,0.49375,101,0.05594700004439801,0.15749748572192954,0.4825702510301532,0.0020999805059572496,0.09456343228402772,0.2499609375,0.0084369430632944,0.21893574555845408,0.6930690535253129,0.04406489492017086,0.026491622923985346,0.032744986499133696,9.0,0.029362515479957968,0.0302734375,22.0,0.01375,0.9986824097732703,0.8517987185497734,0.8521003281762776,0.9667698561601,0.028865794629222605
heavy_tie,synthetic,identity,2,calibre_relaxed_pava,calibre,2400,1600,0.49375,101,0.015577208017930388,0.1574929079052969,0.48256289481859893,0.0035209280801489773,0.0959889576748521,0.2499609375,0.011460787057381627,0.2219669457640956,0.6930690535253129,0.052488490722347035,0.0360899774552764,0.0359019979436587,12.0,0.029456029010510587,0.0302734375,101.0,0.063125,1.0,0.8521003281762776,0.8521003281762776,1.0,0.028808374073238427
heavy_tie,synthetic,identity,2,calibre_spline,calibre,2400,1600,0.49375,101,0.902859584079124,0.1571000161206471,0.48057045895939154,0.003128036295499209,0.0959889576748521,0.2499609375,0.00946835119817424,0.2219669457640956,0.6930690535253129,0.04286164373150161,0.0196103370133871,0.028431478079655972,12.0,0.026536509262457257,0.02734375,101.0,0.063125,1.0,0.8521003281762776,0.8521003281762776,1.0,0.018455633426625286
heavy_tie,synthetic,identity,2,sklearn_isotonic,sklearn,2400,1600,0.49375,101,0.0006872080266475677,0.15749748572192954,0.4825702510301532,0.0020999805059572496,0.09456343228402772,0.2499609375,0.0084369430632944,0.21893574555845408,0.6930690535253129,0.04406489492017086,0.026491622923985346,0.032744986499133696,9.0,0.02936251547995797,0.0302734375,22.0,0.01375,0.9986824097732703,0.8517987185497734,0.8521003281762776,0.9667698561601,0.028865794629222598
heavy_tie,synthetic,identity,2,sklearn_platt,sklearn,2400,1600,0.49375,101,0.0017045839922502637,0.1593749464823652,0.5717388527392967,0.00540296665721729,0.0959889576748521,0.2499609375,0.1006367449780794,0.2219669457640956,0.6930690535253129,0.06528663754256342,0.053007450948206324,0.04771995606634174,12.0,0.048098651816127005,0.048828125,101.0,0.063125,1.0,0.8521003281762776,0.8521003281762776,1.0,0.049086479317756476
heavy_tie,synthetic,identity,2,sklearn_temperature,sklearn,2400,1600,0.49375,101,0.0007356669520959258,0.15939039286591875,0.5717098009046896,0.005418413040770842,0.0959889576748521,0.2499609375,0.10060769314347229,0.2219669457640956,0.6930690535253129,0.06542447964894667,0.05317713184958253,0.04749743004763577,12.0,0.048573040135728725,0.048828125,101.0,0.063125,1.0,0.8521003281762776,0.8521003281762776,1.0,0.04894777464931373
heavy_tie,synthetic,identity,2,uncalibrated,none,2400,1600,0.49375,101,2.291053533554077e-06,0.165212,0.7855327285847531,0.011240020174852094,0.0959889576748521,0.2499609375,0.3144306208235358,0.2219669457640956,0.6930690535253129,0.09881710278566212,0.09117162177654055,0.09284999999999999,12.0,0.0897719952958332,0.08984375,101.0,0.063125,1.0,0.8521003281762776,0.8521003281762776,1.0,0.08117175397728658
nonmonotone,synthetic,identity,0,calibre_centered,calibre,2400,1600,0.493125,1600,0.0025328330229967833,0.2151448157719499,0.612724926488242,0.0036317629433596232,0.038439681546409754,0.24995273437500004,0.011571389139639732,0.09189910898239873,0.6930526463310009,0.07048330273547962,0.054498509758356926,0.012487437587807133,3.0,0.02196576098767775,0.0224609375,1466.0,0.91625,0.999998857420776,0.6686857984087616,0.6686857984087616,0.9998280175109443,0.03852491437855629
nonmonotone,synthetic,identity,0,calibre_isotonic,calibre,2400,1600,0.493125,1600,0.0012237089686095715,0.21581131153077468,0.6145615047987055,0.002362666167501054,0.03650408901172639,0.24995273437500004,0.006348875227934148,0.08484001676022956,0.6930526463310009,0.04663202715249127,0.03277208249190175,0.018439699382938105,6.0,0.020315809126991727,0.021484375,52.0,0.0325,0.9512045572752966,0.6830752376621205,0.6686857984087616,0.7731816760475297,0.04081229157662772
nonmonotone,synthetic,identity,0,calibre_nearly_isotonic,calibre,2400,1600,0.493125,1600,0.36995241697877645,0.2158112061568738,0.6145612940502072,0.003665654426519116,0.03780718264464536,0.24995273437500004,0.008958826690468324,0.08745017897126206,0.6930526463310009,0.06635249936668058,0.056137310676889034,0.035788475949747156,4.0,0.02031585971695137,0.021484375,53.0,0.033125,0.8448295555714239,0.6974263884265619,0.6686857984087616,0.8765056285178237,0.04081179551373507
nonmonotone,synthetic,identity,0,calibre_relaxed_pava,calibre,2400,1600,0.493125,1600,0.0740492920158431,0.21589204823330913,0.614717704498307,0.004378995404718838,0.038439681546409754,0.24995273437500004,0.013564167149704764,0.09189910898239873,0.6930526463310009,0.07320604337142685,0.0579768607935932,0.012230770252795366,3.0,0.020467148626195197,0.0205078125,1381.0,0.863125,0.9999996660154388,0.6686857984087616,0.6686857984087616,0.9999280800500313,0.041216130896490705
nonmonotone,synthetic,identity,0,calibre_spline,calibre,2400,1600,0.493125,1600,0.7902074169833213,0.21508833756885828,0.6128049934763948,0.0035752847402679977,0.038439681546409754,0.24995273437500004,0.011651456127792725,0.09189910898239884,0.6930526463310009,0.035241113497897256,0.0,0.009008113855333223,3.0,0.021945671049962853,0.0224609375,904.0,0.565,0.940548306948692,0.6802942431303418,0.6686857984087616,0.8195278298936836,0.03693586414297875
nonmonotone,synthetic,identity,0,sklearn_isotonic,sklearn,2400,1600,0.493125,1600,0.0007632090710103512,0.21581131153077468,0.6145615047987055,0.002362666167501054,0.03650408901172639,0.24995273437500004,0.006348875227934148,0.08484001676022956,0.6930526463310009,0.04663202715249127,0.03277208249190175,0.018439699382938105,6.0,0.020315809126991727,0.021484375,52.0,0.0325,0.9512045572752966,0.6830752376621205,0.6686857984087616,0.7731816760475297,0.04081229157662772
nonmonotone,synthetic,identity,0,sklearn_platt,sklearn,2400,1600,0.493125,1600,0.0016380420420318842,0.22358233733595562,0.6329500299317591,0.01206928450736533,0.038439681546409754,0.24995273437500004,0.031796492583156866,0.09189910898239873,0.6930526463310009,0.11374818464796431,0.10459847566808916,0.02477469953874497,3.0,0.0633532159862876,0.0634765625,1599.0,0.999375,1.0,0.6686857984087616,0.6686857984087616,1.0,0.07744720778230035
nonmonotone,synthetic,identity,0,sklearn_temperature,sklearn,2400,1600,0.493125,1600,0.0006571250269189477,0.22359180008463866,0.6329690887037741,0.01207874725604835,0.038439681546409754,0.24995273437500004,0.03181555135517189,0.09189910898239873,0.6930526463310009,0.11378854223888102,0.10464236210173233,0.024639660121191467,3.0,0.0633841490702788,0.0634765625,1599.0,0.999375,1.0,0.6686857984087616,0.6686857984087616,1.0,0.07746708668805072
nonmonotone,synthetic,identity,0,uncalibrated,none,2400,1600,0.493125,1600,1.334003172814846e-06,0.2500785437458676,0.7004525868503921,0.03856549091727729,0.038439681546409754,0.24995273437500004,0.09929904950178992,0.09189910898239873,0.6930526463310009,0.1975368520876485,0.1924136157710207,0.1275006552951536,3.0,0.14347152193324367,0.14453125,1600.0,1.0,1.0,0.6686857984087616,0.6686857984087616,1.0,0.1594126203597513
nonmonotone,synthetic,identity,1,calibre_centered,calibre,2400,1600,0.505,1596,0.0031453329138457775,0.20975498314420668,0.6168162659921778,0.00475662909686525,0.044976645952658545,0.24997499999999997,0.0328962899952463,0.10917720372964723,0.6930971797265787,0.06380166497719442,0.045945371742214705,0.010292017195014911,3.0,0.030250645552349527,0.0302734375,1278.0,0.79875,0.9999836924876156,0.6848622362236223,0.6848684868486847,0.998968105065666,0.03388848737005354
nonmonotone,synthetic,identity,1,calibre_isotonic,calibre,2400,1600,0.505,1596,0.0013427910162135959,0.2105538288100809,0.618506758577662,0.0027616833898879978,0.04218285457980708,0.24997499999999997,0.027273982740540936,0.10186440388945761,0.6930971797265787,0.046485175371685596,0.031169476340795577,0.011134614500487493,3.0,0.02536562464563978,0.0263671875,39.0,0.024375,0.9736347042350303,0.6842387363736374,0.6848684868486847,0.8318871169480926,0.036682896810109875
nonmonotone,synthetic,identity,1,calibre_nearly_isotonic,calibre,2400,1600,0.505,1596,0.3055194999324158,0.21055457051736515,0.6185082438134424,0.0027624250971722553,0.04218285457980708,0.24997499999999997,0.0272754679763213,0.10186440388945761,0.6930971797265787,0.047604906934555054,0.030329687028714157,0.009561777418468533,3.0,0.025374825536530757,0.0263671875,40.0,0.025,0.9368674578879526,0.6821635288528853,0.6848684868486847,0.8756957473420888,0.03668704242523785
nonmonotone,synthetic,identity,1,calibre_relaxed_pava,calibre,2400,1600,0.505,1596,0.0794942919164896,0.2105720820732627,0.6021280040483147,0.005583472649577176,0.044986390576314456,0.24997499999999997,0.018625704709954394,0.10959488038821841,0.6930971797265787,0.06503013778501943,0.047636577868343515,0.007784957736441672,3.0,0.025769004235657426,0.0263671875,1375.0,0.859375,0.9999985168440239,0.6848684868486847,0.6848684868486847,0.9998014383989994,0.036956291266442454
nonmonotone,synthetic,identity,1,calibre_spline,calibre,2400,1600,0.505,1596,0.9615017500473186,0.21008543460822693,0.601875202629543,0.0050979407485312045,0.04498750614030425,0.24997499999999997,0.018375137812979392,0.10959711491001511,0.6930971797265787,0.061431169715162506,0.047804384127850263,0.009956703512615449,4.0,0.028117190359519508,0.0283203125,957.0,0.598125,0.9483485627657093,0.6952187406240624,0.6848684868486847,0.8566135084427767,0.03355470355314877
nonmonotone,synthetic,identity,1,sklearn_isotonic,sklearn,2400,1600,0.505,1596,0.0009131670230999589,0.2105538288100809,0.618506758577662,0.0027616833898879978,0.04218285457980708,0.24997499999999997,0.027273982740540936,0.10186440388945761,0.6930971797265787,0.046485175371685596,0.031169476340795577,0.011134614500487493,3.0,0.02536562464563978,0.0263671875,39.0,0.024375,0.9736347042350303,0.6842387363736374,0.6848684868486847,0.8318871169480926,0.036682896810109875
nonmonotone,synthetic,identity,1,sklearn_platt,sklearn,2400,1600,0.505,1596,0.002413208014331758,0.2187368983852526,0.6222581110645482,0.013748288961567073,0.044986390576314456,0.24997499999999997,0.038755811726187916,0.10959488038821841,0.6930971797265787,0.1106811639820002,0.10144281537437021,0.02141521921359351,3.0,0.06337972214443863,0.0634765625,1595.0,0.996875,1.0,0.6848684868486847,0.6848684868486847,1.0,0.0786235403385699
nonmonotone,synthetic,identity,1,sklearn_temperature,sklearn,2400,1600,0.505,1596,0.0011357920011505485,0.21881460867063865,0.6223836011881622,0.01382599924695313,0.044986390576314456,0.24997499999999997,0.038881301849801875,0.10959488038821841,0.6930971797265787,0.11105295794150061,0.10184833920209424,0.023190236438647847,3.0,0.06337962905635029,0.0634765625,1596.0,0.9975,1.0,0.6848684868486847,0.6848684868486847,1.0,0.07852319159439451
nonmonotone,synthetic,identity,1,uncalibrated,none,2400,1600,0.505,1596,1.166015863418579e-06,0.24093571645313283,0.6740373613550935,0.03594710702944731,0.044986390576314456,0.24997499999999997,0.09053506201673323,0.10959488038821841,0.6930971797265787,0.184837621370871,0.1794582709286747,0.12213713700116982,3.0,0.13194593291439283,0.1328125,1596.0,0.9975,1.0,0.6848684868486847,0.6848684868486847,1.0,0.15717449554303922
nonmonotone,synthetic,identity,2,calibre_centered,calibre,2400,1600,0.51375,1599,0.003132999991066754,0.21497045426683428,0.6730261589992123,0.004146151751943716,0.03898663498510946,0.24981093750000002,0.07253481664127592,0.09227766552808103,0.6927690078860174,0.05070302674704988,0.023718005370544994,0.019248143391334765,3.0,0.030964370470129964,0.0322265625,1519.0,0.949375,0.9999902880349826,0.6755530745126002,0.6755515108300651,0.999155722326454,0.033653022451108745
nonmonotone,synthetic,identity,2,calibre_isotonic,calibre,2400,1600,0.51375,1599,0.0007289169589057565,0.2148976607686943,0.6728236066565265,0.00249331103831707,0.0374065877696228,0.24981093750000002,0.06790713072689858,0.08785253195638942,0.6927690078860174,0.03798740798854203,0.0190963051726717,0.020373274883566633,3.0,0.030602324920015998,0.03125,43.0,0.026875,0.9561554325141152,0.6805412217989854,0.6755515108300651,0.7850523764853033,0.03106455763522077
nonmonotone,synthetic,identity,2,calibre_nearly_isotonic,calibre,2400,1600,0.51375,1599,0.22768245893530548,0.215455665432089,0.6739583319733856,0.003197815054805736,0.037553087122716766,0.24981093750000002,0.06933595624342925,0.088146632156061,0.6927690078860174,0.05423094580710832,0.030452116325846088,0.023676345966490403,5.0,0.03362698518729376,0.0341796875,68.0,0.0425,0.7991994564498657,0.6855496969583247,0.6755515108300651,0.9601555659787367,0.03224564851640157
nonmonotone,synthetic,identity,2,calibre_relaxed_pava,calibre,2400,1600,0.51375,1599,0.05428216594737023,0.2149244123878216,0.6566339781345587,0.004100109872931024,0.03898663498510946,0.24981093750000002,0.056142635776622374,0.09227766552808103,0.6927690078860174,0.04809524842112589,0.017461379617171098,0.014329850186400275,3.0,0.030760721187770342,0.03125,1353.0,0.845625,0.9999981843238143,0.6755429105761233,0.6755515108300651,0.9997310819262039,0.03141980775450598
nonmonotone,synthetic,identity,2,calibre_spline,calibre,2400,1600,0.51375,1599,0.507447834010236,0.21492634360463328,0.6132948420530595,0.00411830705444452,0.039002900949811264,0.24981093750000002,0.013283593074796096,0.09275775890775395,0.6927690078860174,0.04525108535668934,0.022492989967134728,0.01490662424003866,3.0,0.030452100002270513,0.03125,1026.0,0.64125,0.9606070926037549,0.6794677537387649,0.6755515108300651,0.8789501250781738,0.02775877317372339
nonmonotone,synthetic,identity,2,sklearn_isotonic,sklearn,2400,1600,0.51375,1599,0.000826000003144145,0.2148976607686943,0.6728236066565265,0.00249331103831707,0.0374065877696228,0.24981093750000002,0.06790713072689858,0.08785253195638942,0.6927690078860174,0.03798740798854203,0.0190963051726717,0.020373274883566633,3.0,0.030602324920015998,0.03125,43.0,0.026875,0.9561554325141152,0.6805412217989854,0.6755515108300651,0.7850523764853033,0.03106455763522077
nonmonotone,synthetic,identity,2,sklearn_platt,sklearn,2400,1600,0.51375,1599,0.0015242500230669975,0.22193972965844783,0.6302736505531756,0.011131693108259066,0.039002900949811264,0.24981093750000002,0.030262401574912223,0.09275775890775395,0.6927690078860174,0.09908558636475664,0.08837250863641245,0.028777890454961434,3.0,0.05807080292451897,0.0595703125,1598.0,0.99875,1.0,0.6755515108300651,0.6755515108300651,1.0,0.07740388970049367
nonmonotone,synthetic,identity,2,sklearn_temperature,sklearn,2400,1600,0.51375,1599,0.0007282919250428677,0.22226374370003021,0.6308841703800223,0.011455707149841454,0.039002900949811264,0.24981093750000002,0.0308729214017589,0.09275775890775395,0.6927690078860174,0.10072000459833194,0.0902012537813813,0.03275002029867832,3.0,0.059254747913290565,0.060546875,1599.0,0.999375,1.0,0.6755515108300651,0.6755515108300651,1.0,0.07753887986785946
nonmonotone,synthetic,identity,2,uncalibrated,none,2400,1600,0.51375,1599,1.7499551177024841e-06,0.24652788657066485,0.693269250985719,0.03571985002047609,0.039002900949811264,0.24981093750000002,0.0932580020074556,0.09275775890775395,0.6927690078860174,0.186035788831404,0.180557640612542,0.1397922944998675,3.0,0.1374351771521441,0.138671875,1599.0,0.999375,1.0,0.6755515108300651,0.6755515108300651,1.0,0.1603999759686798
overconfident,synthetic,identity,0,calibre_centered,calibre,2400,1600,0.490625,1597,0.004716999945230782,0.1504619634037352,0.48154499875556867,0.004210410455431857,0.10366055642669664,0.24991210937499997,0.035941225226287676,0.24736761547953295,0.6929713890088139,0.03345298284486945,0.0,0.023908360280121388,12.0,0.025482008878441684,0.0263671875,1524.0,0.9525,0.9999820708771918,0.8638763627837912,0.8638959009026611,0.9987468730456536,0.013368152081693823
overconfident,synthetic,identity,0,calibre_isotonic,calibre,2400,1600,0.490625,1597,0.0010456249583512545,0.1506441072750648,0.47985768314772864,0.0031449848513106504,0.10241298695124582,0.24991210937499997,0.02916691260716814,0.24228061846825344,0.6929713890088139,0.0368275628495595,0.0,0.02082301558265273,11.0,0.026295272483006598,0.0263671875,60.0,0.0375,0.9988035846092863,0.8636989566644524,0.8638959009026611,0.9567127892432771,0.01865175668843958
overconfident,synthetic,identity,0,calibre_nearly_isotonic,calibre,2400,1600,0.490625,1597,0.44599299994297326,0.15064705078416188,0.47986435720470794,0.0031479283604077257,0.10241298695124582,0.24991210937499997,0.029173586664147433,0.24228061846825344,0.6929713890088139,0.03305910525123819,0.0,0.017556613726404997,11.0,0.026286381691286994,0.0263671875,63.0,0.039375,0.9981529688839497,0.863566097456137,0.8638959009026611,0.9610631644777986,0.01874888406571911
overconfident,synthetic,identity,0,calibre_relaxed_pava,calibre,2400,1600,0.490625,1597,0.09768470807466656,0.15064320624973385,0.4628382257073943,0.00439412392108865,0.10366302704635477,0.24991210937499997,0.01747328828685296,0.2476064515882726,0.6929713890088139,0.03508074211251216,0.0,0.022114992912192256,12.0,0.026207229904072878,0.0263671875,1382.0,0.86375,0.9999990039053649,0.8638959009026611,0.8638959009026611,0.9998147279549718,0.01858331242100711
overconfident,synthetic,identity,0,calibre_spline,calibre,2400,1600,0.490625,1597,1.169937666039914,0.150306335890302,0.4596162808602732,0.004057253561656815,0.10366302704635477,0.24991210937499997,0.014251343439731834,0.2476064515882726,0.6929713890088139,0.034332340309732305,0.0,0.02080365064431797,12.0,0.027325203371864115,0.02734375,1599.0,0.999375,1.0,0.8638959009026611,0.8638959009026611,1.0,0.01099781811467761
overconfident,synthetic,identity,0,sklearn_isotonic,sklearn,2400,1600,0.490625,1597,0.0011363329831510782,0.1506441072750648,0.47985768314772864,0.0031449848513106504,0.10241298695124582,0.24991210937499997,0.02916691260716814,0.24228061846825344,0.6929713890088139,0.0368275628495595,0.0,0.02082301558265273,11.0,0.026295272483006598,0.0263671875,60.0,0.0375,0.9988035846092863,0.8636989566644524,0.8638959009026611,0.9567127892432771,0.01865175668843958
overconfident,synthetic,identity,0,sklearn_platt,sklearn,2400,1600,0.490625,1597,0.0587142079602927,0.15031766065899332,0.4593095205946886,0.004068578330348127,0.10366302704635477,0.24991210937499997,0.013944583174147263,0.2476064515882726,0.6929713890088139,0.03289466256912421,0.0,0.01991280890359106,12.0,0.026341284594753628,0.0263671875,1599.0,0.999375,1.0,0.8638959009026611,0.8638959009026611,1.0,0.008817985495671248
overconfident,synthetic,identity,0,sklearn_temperature,sklearn,2400,1600,0.490625,1597,0.0005997080588713288,0.1501675703379115,0.4587010864941051,0.003918488009266308,0.10366302704635477,0.24991210937499997,0.013336149073563786,0.2476064515882726,0.6929713890088139,0.03065971384038914,0.0,0.01940419038606892,12.0,0.02453769514423331,0.025390625,1600.0,1.0,1.0,0.8638959009026611,0.8638959009026611,1.0,0.00015378961084108742
overconfident,synthetic,identity,0,uncalibrated,none,2400,1600,0.490625,1597,1.9170111045241356e-06,0.1588215247404233,0.5127360064313018,0.0125724424117781,0.10366302704635477,0.24991210937499997,0.06737106901076045,0.2476064515882726,0.6929713890088139,0.09597243999019964,0.08827617638025681,0.08572329587817734,12.0,0.08540253452606171,0.0859375,1597.0,0.998125,1.0,0.8638959009026611,0.8638959009026611,1.0,0.08200811254954359
overconfident,synthetic,identity,1,calibre_centered,calibre,2400,1600,0.49625,1596,0.004572708043269813,0.15725033690270535,0.4792757068647802,0.0037165097130728575,0.09645211031036749,0.24998593749999998,0.016572874677968696,0.2304162231094562,0.6931190552962677,0.04040273802478937,0.012618426334097339,0.022654312750102802,12.0,0.025446395906042526,0.0263671875,1502.0,0.93875,0.9999297992663199,0.8521416829696671,0.8521416829696671,0.9972576610381488,0.019160916081764564
overconfident,synthetic,identity,1,calibre_isotonic,calibre,2400,1600,0.49625,1596,0.0012660420034080744,0.15751371130915076,0.4789531366494802,0.0021629521575420585,0.09463517834839127,0.24998593749999998,0.009324467025916772,0.2234903856727043,0.6931190552962677,0.036046479987992944,0.0,0.026864200389122135,12.0,0.02767284671827623,0.0283203125,40.0,0.025,0.9982164593323786,0.8513853904282115,0.8521416829696671,0.947459349593496,0.02557632430335431
overconfident,synthetic,identity,1,calibre_nearly_isotonic,calibre,2400,1600,0.49625,1596,0.4352586669847369,0.15892767667032953,0.48237073452488133,0.00272710375212995,0.0937853645818004,0.24998593749999998,0.010781925454949881,0.22153024622633627,0.6931190552962677,0.03845770916026683,0.002044748497672888,0.022777049580558366,9.0,0.03000864449428607,0.0302734375,79.0,0.049375,0.9886112255025842,0.8486516429049135,0.8521416829696671,0.9680120387742339,0.03365289100461546
overconfident,synthetic,identity,1,calibre_relaxed_pava,calibre,2400,1600,0.49625,1596,0.09237016597762704,0.15750978618029457,0.47895764038123106,0.003975958990662082,0.09645211031036749,0.24998593749999998,0.016254808194419545,0.2304162231094562,0.6931190552962677,0.039061377606823156,0.007254975106236112,0.02520805118212162,12.0,0.027621276640518125,0.0283203125,1363.0,0.851875,0.9999921777007253,0.8521416829696671,0.8521416829696671,0.9993824265165728,0.02551402697725309
overconfident,synthetic,identity,1,calibre_spline,calibre,2400,1600,0.49625,1596,1.0300449579954147,0.15734382011911163,0.4779298463074994,0.003809992929479117,0.09645211031036749,0.24998593749999998,0.015227014120687887,0.2304162231094562,0.6931190552962677,0.041348259613203535,0.01537927229390775,0.0211747062005163,12.0,0.024934789137944457,0.025390625,1600.0,1.0,1.0,0.8521416829696671,0.8521416829696671,1.0,0.015025113471910576
overconfident,synthetic,identity,1,sklearn_isotonic,sklearn,2400,1600,0.49625,1596,0.00099612504709512,0.15751371130915076,0.4789531366494802,0.0021629521575420585,0.09463517834839127,0.24998593749999998,0.009324467025916772,0.2234903856727043,0.6931190552962677,0.036046479987992944,0.0,0.026864200389122135,12.0,0.02767284671827623,0.0283203125,40.0,0.025,0.9982164593323786,0.8513853904282115,0.8521416829696671,0.947459349593496,0.02557632430335431
overconfident,synthetic,identity,1,sklearn_platt,sklearn,2400,1600,0.49625,1596,0.0497197910444811,0.15718031919005393,0.47632089212151413,0.003646492000421442,0.09645211031036749,0.24998593749999998,0.013618059934702609,0.2304162231094562,0.6931190552962677,0.039315430815618606,0.008517425870940874,0.01984314648047162,12.0,0.02503705403079067,0.025390625,1599.0,0.999375,1.0,0.8521416829696671,0.8521416829696671,1.0,0.002207591298443533
overconfident,synthetic,identity,1,sklearn_temperature,sklearn,2400,1600,0.49625,1596,0.0005961660062894225,0.15718064370211723,0.47631957337323244,0.0036468165124847463,0.09645211031036749,0.24998593749999998,0.013616741186420922,0.2304162231094562,0.6931190552962677,0.03932227590506959,0.008548966347091097,0.019857891672653262,12.0,0.02497199002125542,0.025390625,1599.0,0.999375,1.0,0.8521416829696671,0.8521416829696671,1.0,0.00218629616723767
overconfident,synthetic,identity,1,uncalibrated,none,2400,1600,0.49625,1596,3.625056706368923e-06,0.16768070103019703,0.5454969884933689,0.014146873840564539,0.09645211031036749,0.24998593749999998,0.0827941563065574,0.2304162231094562,0.6931190552962677,0.10817110055141832,0.10113273672631594,0.09381730363526342,12.0,0.09235106837868169,0.0927734375,1596.0,0.9975,1.0,0.8521416829696671,0.8521416829696671,1.0,0.08046372649990903
overconfident,synthetic,identity,2,calibre_centered,calibre,2400,1600,0.49375,1594,0.004329874995164573,0.15803861260839386,0.6058005376903204,0.0051350663808218955,0.09705739127242805,0.2499609375,0.13875322909949556,0.22602174493448807,0.6930690535253129,0.05705192338119581,0.04230303469283273,0.03405842654511158,11.0,0.0334729046170142,0.0341796875,1485.0,0.928125,0.999959783355289,0.8522222222222223,0.8521753398968589,0.9977673545966229,0.02689692998529152
overconfident,synthetic,identity,2,calibre_isotonic,calibre,2400,1600,0.49375,1594,0.0008884590351954103,0.1575021791285949,0.6015140085894405,0.003048029015220527,0.09550678738662563,0.2499609375,0.1296657198286783,0.22122076476455071,0.6930690535253129,0.05764993490838184,0.04412416520585012,0.034728020857100514,10.0,0.029024823517141904,0.029296875,52.0,0.0325,0.9990101608458067,0.852422253477106,0.8521753398968589,0.9591869918699187,0.02893767302634047
overconfident,synthetic,identity,2,calibre_nearly_isotonic,calibre,2400,1600,0.49375,1594,0.5189155000261962,0.15750061944873406,0.6015103276899235,0.0030464693353596806,0.09550678738662563,0.2499609375,0.12966203892916134,0.22122076476455071,0.6930690535253129,0.057623470420173344,0.044089582708810963,0.03469992232532334,10.0,0.028995202428135535,0.029296875,54.0,0.03375,0.9986656686092178,0.8524027191748711,0.8521753398968589,0.9614751407129456,0.02890957449456296
overconfident,synthetic,identity,2,calibre_relaxed_pava,calibre,2400,1600,0.49375,1594,0.09495862491894513,0.15750308945035868,0.5526473114142689,0.004599543222786773,0.09705739127242805,0.2499609375,0.0856000028234441,0.22602174493448807,0.6930690535253129,0.05663287180730434,0.04173615880590523,0.0352382057502143,11.0,0.02902847617930046,0.029296875,1379.0,0.861875,0.9999978979461884,0.852149554617909,0.8521753398968589,0.9996873045653534,0.028908261736210875
overconfident,synthetic,identity,2,calibre_spline,calibre,2400,1600,0.49375,1594,1.1528232499258593,0.15695041874139945,0.48070290158149903,0.004087305208790637,0.09709782396739117,0.2499609375,0.014492072260124722,0.22685822420393859,0.6930690535253129,0.04371808529127989,0.021116244085177562,0.02560418216799763,11.0,0.026240857065473792,0.02734375,1600.0,1.0,1.0,0.8521753398968589,0.8521753398968589,1.0,0.016208857985914527
overconfident,synthetic,identity,2,sklearn_isotonic,sklearn,2400,1600,0.49375,1594,0.0009127500234171748,0.1575021791285949,0.6015140085894405,0.003048029015220527,0.09550678738662563,0.2499609375,0.1296657198286783,0.22122076476455071,0.6930690535253129,0.05764993490838184,0.04412416520585012,0.034728020857100514,10.0,0.029024823517141904,0.029296875,52.0,0.0325,0.9990101608458067,0.852422253477106,0.8521753398968589,0.9591869918699187,0.02893767302634047
overconfident,synthetic,identity,2,sklearn_platt,sklearn,2400,1600,0.49375,1594,0.0014459160156548023,0.15646148861369177,0.4809597779027407,0.003598375081082905,0.09709782396739117,0.2499609375,0.014748948581366383,0.22685822420393859,0.6930690535253129,0.03676016762120006,0.0,0.016046108733420224,11.0,0.022115233431573275,0.0234375,1598.0,0.99875,1.0,0.8521753398968589,0.8521753398968589,1.0,0.00339694501701687
overconfident,synthetic,identity,2,sklearn_temperature,sklearn,2400,1600,0.49375,1594,0.0006585409864783287,0.15648401239633455,0.48095255152457184,0.0036208988637257133,0.09709782396739117,0.2499609375,0.014741722203197527,0.22685822420393859,0.6930690535253129,0.037050874275416514,0.0,0.017761334796985884,11.0,0.022376694429258975,0.0234375,1598.0,0.99875,1.0,0.8521753398968589,0.8521753398968589,1.0,0.000658199117220481
overconfident,synthetic,identity,2,uncalibrated,none,2400,1600,0.49375,1594,1.374981366097927e-06,0.1651241454333315,0.5485280341913559,0.012261031900722669,0.09709782396739117,0.2499609375,0.08231720486998156,0.22685822420393859,0.6930690535253129,0.09857240406744716,0.09083580586071359,0.08620372027922835,11.0,0.08738536040313102,0.087890625,1594.0,0.99625,1.0,0.8521753398968589,0.8521753398968589,1.0,0.0808994614061818
